Adresse IP,Occurrences,Première apparition,Dernière apparition
192.168.190.130,12,11:42:04.766656,11:42:06.681222
130.190.168.192,1,11:42:05.768334,11:42:05.768334
184.107.43.74,82,11:42:06.679971,11:42:06.682619
